Workbook
Name low_max: _settings!$B$2
Name watch_max: _settings!$B$3

Sheet Session
A1: Date | B1: Session # (blank = 1) | C1: Venue | D1: Indoor / outdoor | E1: Session type | F1: Partners | G1: Duration (min) | H1: Hardest grade tried (French 7a or gym number) | I1: Notes | J1: Weekday | K1: Days since previous | L1: key (auto, hidden) | M1: updated_at (app fills) | N1: deleted (app fills)
A2: date | B2: session_no | C2: venue | D2: setting | E2: session_type | F2: partners | G2: duration_min | H2: hardest_grade | I2: notes | J2: auto:weekday | K2: auto:days_since_prev | L2: auto:_key | M2: updated_at | N2: deleted
A3: 46312 | C3: Falesia Esempio | D3: Outdoor | E3: Climbing | F3: Alex | H3: 6c | I3: [ESEMPIO] Due giri sul progetto, voli puliti. Avambracci un po' pesanti già dal riscaldamento. | J3: =IF($A3="","",CHOOSE(WEEKDAY($A3,2),"Mon","Tue","Wed","Thu","Fri","Sat","Sun")) | K3: =IF($A3="","",IF(COUNTIFS($A$3:$A$202,"<"&$A3)=0,"",$A3-_xlfn.MAXIFS($A$3:$A$202,$A$3:$A$202,"<"&$A3))) | L3: =IF($A3="","",$A3*10+IF($B3="",1,$B3))
A4: 46313 | C4: Palestra Demo | D4: Indoor | E4: Climbing | F4: Sam e Robin | H4: 6 | I4: [ESEMPIO] Sessione tranquilla in palestra (grado 6 della palestra). Lavoro sui piedi in placca. | J4: =IF($A4="","",CHOOSE(WEEKDAY($A4,2),"Mon","Tue","Wed","Thu","Fri","Sat","Sun")) | K4: =IF($A4="","",IF(COUNTIFS($A$3:$A$202,"<"&$A4)=0,"",$A4-_xlfn.MAXIFS($A$3:$A$202,$A$3:$A$202,"<"&$A4))) | L4: =IF($A4="","",$A4*10+IF($B4="",1,$B4))
J5: =IF($A5="","",CHOOSE(WEEKDAY($A5,2),"Mon","Tue","Wed","Thu","Fri","Sat","Sun")) | K5: =IF($A5="","",IF(COUNTIFS($A$3:$A$202,"<"&$A5)=0,"",$A5-_xlfn.MAXIFS($A$3:$A$202,$A$3:$A$202,"<"&$A5))) | L5: =IF($A5="","",$A5*10+IF($B5="",1,$B5))
J6: =IF($A6="","",CHOOSE(WEEKDAY($A6,2),"Mon","Tue","Wed","Thu","Fri","Sat","Sun")) | K6: =IF($A6="","",IF(COUNTIFS($A$3:$A$202,"<"&$A6)=0,"",$A6-_xlfn.MAXIFS($A$3:$A$202,$A$3:$A$202,"<"&$A6))) | L6: =IF($A6="","",$A6*10+IF($B6="",1,$B6))
J7: =IF($A7="","",CHOOSE(WEEKDAY($A7,2),"Mon","Tue","Wed","Thu","Fri","Sat","Sun")) | K7: =IF($A7="","",IF(COUNTIFS($A$3:$A$202,"<"&$A7)=0,"",$A7-_xlfn.MAXIFS($A$3:$A$202,$A$3:$A$202,"<"&$A7))) | L7: =IF($A7="","",$A7*10+IF($B7="",1,$B7))
J8: =IF($A8="","",CHOOSE(WEEKDAY($A8,2),"Mon","Tue","Wed","Thu","Fri","Sat","Sun")) | K8: =IF($A8="","",IF(COUNTIFS($A$3:$A$202,"<"&$A8)=0,"",$A8-_xlfn.MAXIFS($A$3:$A$202,$A$3:$A$202,"<"&$A8))) | L8: =IF($A8="","",$A8*10+IF($B8="",1,$B8))
J9: =IF($A9="","",CHOOSE(WEEKDAY($A9,2),"Mon","Tue","Wed","Thu","Fri","Sat","Sun")) | K9: =IF($A9="","",IF(COUNTIFS($A$3:$A$202,"<"&$A9)=0,"",$A9-_xlfn.MAXIFS($A$3:$A$202,$A$3:$A$202,"<"&$A9))) | L9: =IF($A9="","",$A9*10+IF($B9="",1,$B9))
J10: =IF($A10="","",CHOOSE(WEEKDAY($A10,2),"Mon","Tue","Wed","Thu","Fri","Sat","Sun")) | K10: =IF($A10="","",IF(COUNTIFS($A$3:$A$202,"<"&$A10)=0,"",$A10-_xlfn.MAXIFS($A$3:$A$202,$A$3:$A$202,"<"&$A10))) | L10: =IF($A10="","",$A10*10+IF($B10="",1,$B10))
J11: =IF($A11="","",CHOOSE(WEEKDAY($A11,2),"Mon","Tue","Wed","Thu","Fri","Sat","Sun")) | K11: =IF($A11="","",IF(COUNTIFS($A$3:$A$202,"<"&$A11)=0,"",$A11-_xlfn.MAXIFS($A$3:$A$202,$A$3:$A$202,"<"&$A11))) | L11: =IF($A11="","",$A11*10+IF($B11="",1,$B11))
J12: =IF($A12="","",CHOOSE(WEEKDAY($A12,2),"Mon","Tue","Wed","Thu","Fri","Sat","Sun")) | K12: =IF($A12="","",IF(COUNTIFS($A$3:$A$202,"<"&$A12)=0,"",$A12-_xlfn.MAXIFS($A$3:$A$202,$A$3:$A$202,"<"&$A12))) | L12: =IF($A12="","",$A12*10+IF($B12="",1,$B12))
J13: =IF($A13="","",CHOOSE(WEEKDAY($A13,2),"Mon","Tue","Wed","Thu","Fri","Sat","Sun")) | K13: =IF($A13="","",IF(COUNTIFS($A$3:$A$202,"<"&$A13)=0,"",$A13-_xlfn.MAXIFS($A$3:$A$202,$A$3:$A$202,"<"&$A13))) | L13: =IF($A13="","",$A13*10+IF($B13="",1,$B13))
J14: =IF($A14="","",CHOOSE(WEEKDAY($A14,2),"Mon","Tue","Wed","Thu","Fri","Sat","Sun")) | K14: =IF($A14="","",IF(COUNTIFS($A$3:$A$202,"<"&$A14)=0,"",$A14-_xlfn.MAXIFS($A$3:$A$202,$A$3:$A$202,"<"&$A14))) | L14: =IF($A14="","",$A14*10+IF($B14="",1,$B14))
J15: =IF($A15="","",CHOOSE(WEEKDAY($A15,2),"Mon","Tue","Wed","Thu","Fri","Sat","Sun")) | K15: =IF($A15="","",IF(COUNTIFS($A$3:$A$202,"<"&$A15)=0,"",$A15-_xlfn.MAXIFS($A$3:$A$202,$A$3:$A$202,"<"&$A15))) | L15: =IF($A15="","",$A15*10+IF($B15="",1,$B15))
J16: =IF($A16="","",CHOOSE(WEEKDAY($A16,2),"Mon","Tue","Wed","Thu","Fri","Sat","Sun")) | K16: =IF($A16="","",IF(COUNTIFS($A$3:$A$202,"<"&$A16)=0,"",$A16-_xlfn.MAXIFS($A$3:$A$202,$A$3:$A$202,"<"&$A16))) | L16: =IF($A16="","",$A16*10+IF($B16="",1,$B16))
... J202: =IF($A202="","",CHOOSE(WEEKDAY($A202,2),"Mon","Tue","Wed","Thu","Fri","Sat","Sun")) | K202: =IF($A202="","",IF(COUNTIFS($A$3:$A$202,"<"&$A202)=0,"",$A202-_xlfn.MAXIFS($A$3:$A$202,$A$3:$A$202,"<"&$A202))) | L202: =IF($A202="","",$A202*10+IF($B202="",1,$B202))

Sheet Wellbeing
A1: Date | B1: Session # (blank = 1) | C1: Sleep (hours) | D1: Sleep quality (1–10) | E1: Mood (1–10) | F1: Energy (1–10) | G1: Pre-session note | H1: Post fatigue (1–10 ↓) | I1: Post mood (1–10) | J1: Recovery feel (1–10) | K1: Post-session note | L1: Pre status | M1: Post status | N1: Wellbeing status | O1: Wellbeing score | P1: Session check | Q1: key (auto, hidden) | R1: updated_at (app fills) | S1: deleted (app fills)
A2: date | B2: session_no | C2: wb_sleep_hours | D2: wb_sleep_quality | E2: wb_mood_pre | F2: wb_energy_pre | G2: wb_note_pre | H2: wb_fatigue_post | I2: wb_mood_post | J2: wb_recovery_feel | K2: wb_note_post | L2: auto:wb_pre_status | M2: auto:wb_post_status | N2: auto:wb_status | O2: auto:wb_score | P2: auto:session_check | Q2: auto:_key | R2: updated_at | S2: deleted
A3: 46312 | C3: 7.5 | D3: 7 | E3: 8 | F3: 6 | G3: [ESEMPIO] Un po' stanco dal lavoro di ieri, però motivato. Caffè e via. | H3: 6 | I3: 7 | J3: 5 | K3: [ESEMPIO] Stanco ma contento; pelle provata sulle dita. | L3: =IF($A3="","",IF(COUNT(D3:F3)<3,"",IF(MIN(D3:F3)<=low_max,"LOW",IF(MIN(D3:F3)<=watch_max,"WATCH","GOOD")))) | M3: =IF($A3="","",IF(COUNT(H3:J3)<3,"",IF(MIN((11-H3),I3,J3)<=low_max,"LOW",IF(MIN((11-H3),I3,J3)<=watch_max,"WATCH","GOOD")))) | N3: =IF(OR(L3="LOW",M3="LOW"),"LOW",IF(OR(L3="WATCH",M3="WATCH"),"WATCH",IF(OR(L3="GOOD",M3="GOOD"),"GOOD",""))) | O3: =IF(COUNT(D3:F3,H3:J3)<6,"",ROUND(AVERAGE(D3,E3,F3,(11-H3),I3,J3),1)) | P3: =IF($A3="","",IF(COUNTIFS(Session!$L$3:$L$202,Q3)=0,"⚠ no Session row","ok")) | Q3: =IF($A3="","",$A3*10+IF($B3="",1,$B3))
A4: 46313 | C4: 8 | D4: 8 | E4: 8 | F4: 9 | G4: [ESEMPIO] Dormito benissimo, energia alta. | H4: 3 | I4: 9 | J4: 8 | K4: [ESEMPIO] Sessione leggera, mi sento meglio di prima. | L4: =IF($A4="","",IF(COUNT(D4:F4)<3,"",IF(MIN(D4:F4)<=low_max,"LOW",IF(MIN(D4:F4)<=watch_max,"WATCH","GOOD")))) | M4: =IF($A4="","",IF(COUNT(H4:J4)<3,"",IF(MIN((11-H4),I4,J4)<=low_max,"LOW",IF(MIN((11-H4),I4,J4)<=watch_max,"WATCH","GOOD")))) | N4: =IF(OR(L4="LOW",M4="LOW"),"LOW",IF(OR(L4="WATCH",M4="WATCH"),"WATCH",IF(OR(L4="GOOD",M4="GOOD"),"GOOD",""))) | O4: =IF(COUNT(D4:F4,H4:J4)<6,"",ROUND(AVERAGE(D4,E4,F4,(11-H4),I4,J4),1)) | P4: =IF($A4="","",IF(COUNTIFS(Session!$L$3:$L$202,Q4)=0,"⚠ no Session row","ok")) | Q4: =IF($A4="","",$A4*10+IF($B4="",1,$B4))
A5: 46316 | C5: 6.5 | D5: 4 | E5: 7 | F5: 5 | G5: [ESEMPIO] Dormito poco, però voglia di scalare. Città → falesia in 40'. | L5: =IF($A5="","",IF(COUNT(D5:F5)<3,"",IF(MIN(D5:F5)<=low_max,"LOW",IF(MIN(D5:F5)<=watch_max,"WATCH","GOOD")))) | M5: =IF($A5="","",IF(COUNT(H5:J5)<3,"",IF(MIN((11-H5),I5,J5)<=low_max,"LOW",IF(MIN((11-H5),I5,J5)<=watch_max,"WATCH","GOOD")))) | N5: =IF(OR(L5="LOW",M5="LOW"),"LOW",IF(OR(L5="WATCH",M5="WATCH"),"WATCH",IF(OR(L5="GOOD",M5="GOOD"),"GOOD",""))) | O5: =IF(COUNT(D5:F5,H5:J5)<6,"",ROUND(AVERAGE(D5,E5,F5,(11-H5),I5,J5),1)) | P5: =IF($A5="","",IF(COUNTIFS(Session!$L$3:$L$202,Q5)=0,"⚠ no Session row","ok")) | Q5: =IF($A5="","",$A5*10+IF($B5="",1,$B5))
L6: =IF($A6="","",IF(COUNT(D6:F6)<3,"",IF(MIN(D6:F6)<=low_max,"LOW",IF(MIN(D6:F6)<=watch_max,"WATCH","GOOD")))) | M6: =IF($A6="","",IF(COUNT(H6:J6)<3,"",IF(MIN((11-H6),I6,J6)<=low_max,"LOW",IF(MIN((11-H6),I6,J6)<=watch_max,"WATCH","GOOD")))) | N6: =IF(OR(L6="LOW",M6="LOW"),"LOW",IF(OR(L6="WATCH",M6="WATCH"),"WATCH",IF(OR(L6="GOOD",M6="GOOD"),"GOOD",""))) | O6: =IF(COUNT(D6:F6,H6:J6)<6,"",ROUND(AVERAGE(D6,E6,F6,(11-H6),I6,J6),1)) | P6: =IF($A6="","",IF(COUNTIFS(Session!$L$3:$L$202,Q6)=0,"⚠ no Session row","ok")) | Q6: =IF($A6="","",$A6*10+IF($B6="",1,$B6))
L7: =IF($A7="","",IF(COUNT(D7:F7)<3,"",IF(MIN(D7:F7)<=low_max,"LOW",IF(MIN(D7:F7)<=watch_max,"WATCH","GOOD")))) | M7: =IF($A7="","",IF(COUNT(H7:J7)<3,"",IF(MIN((11-H7),I7,J7)<=low_max,"LOW",IF(MIN((11-H7),I7,J7)<=watch_max,"WATCH","GOOD")))) | N7: =IF(OR(L7="LOW",M7="LOW"),"LOW",IF(OR(L7="WATCH",M7="WATCH"),"WATCH",IF(OR(L7="GOOD",M7="GOOD"),"GOOD",""))) | O7: =IF(COUNT(D7:F7,H7:J7)<6,"",ROUND(AVERAGE(D7,E7,F7,(11-H7),I7,J7),1)) | P7: =IF($A7="","",IF(COUNTIFS(Session!$L$3:$L$202,Q7)=0,"⚠ no Session row","ok")) | Q7: =IF($A7="","",$A7*10+IF($B7="",1,$B7))
L8: =IF($A8="","",IF(COUNT(D8:F8)<3,"",IF(MIN(D8:F8)<=low_max,"LOW",IF(MIN(D8:F8)<=watch_max,"WATCH","GOOD")))) | M8: =IF($A8="","",IF(COUNT(H8:J8)<3,"",IF(MIN((11-H8),I8,J8)<=low_max,"LOW",IF(MIN((11-H8),I8,J8)<=watch_max,"WATCH","GOOD")))) | N8: =IF(OR(L8="LOW",M8="LOW"),"LOW",IF(OR(L8="WATCH",M8="WATCH"),"WATCH",IF(OR(L8="GOOD",M8="GOOD"),"GOOD",""))) | O8: =IF(COUNT(D8:F8,H8:J8)<6,"",ROUND(AVERAGE(D8,E8,F8,(11-H8),I8,J8),1)) | P8: =IF($A8="","",IF(COUNTIFS(Session!$L$3:$L$202,Q8)=0,"⚠ no Session row","ok")) | Q8: =IF($A8="","",$A8*10+IF($B8="",1,$B8))
L9: =IF($A9="","",IF(COUNT(D9:F9)<3,"",IF(MIN(D9:F9)<=low_max,"LOW",IF(MIN(D9:F9)<=watch_max,"WATCH","GOOD")))) | M9: =IF($A9="","",IF(COUNT(H9:J9)<3,"",IF(MIN((11-H9),I9,J9)<=low_max,"LOW",IF(MIN((11-H9),I9,J9)<=watch_max,"WATCH","GOOD")))) | N9: =IF(OR(L9="LOW",M9="LOW"),"LOW",IF(OR(L9="WATCH",M9="WATCH"),"WATCH",IF(OR(L9="GOOD",M9="GOOD"),"GOOD",""))) | O9: =IF(COUNT(D9:F9,H9:J9)<6,"",ROUND(AVERAGE(D9,E9,F9,(11-H9),I9,J9),1)) | P9: =IF($A9="","",IF(COUNTIFS(Session!$L$3:$L$202,Q9)=0,"⚠ no Session row","ok")) | Q9: =IF($A9="","",$A9*10+IF($B9="",1,$B9))
L10: =IF($A10="","",IF(COUNT(D10:F10)<3,"",IF(MIN(D10:F10)<=low_max,"LOW",IF(MIN(D10:F10)<=watch_max,"WATCH","GOOD")))) | M10: =IF($A10="","",IF(COUNT(H10:J10)<3,"",IF(MIN((11-H10),I10,J10)<=low_max,"LOW",IF(MIN((11-H10),I10,J10)<=watch_max,"WATCH","GOOD")))) | N10: =IF(OR(L10="LOW",M10="LOW"),"LOW",IF(OR(L10="WATCH",M10="WATCH"),"WATCH",IF(OR(L10="GOOD",M10="GOOD"),"GOOD",""))) | O10: =IF(COUNT(D10:F10,H10:J10)<6,"",ROUND(AVERAGE(D10,E10,F10,(11-H10),I10,J10),1)) | P10: =IF($A10="","",IF(COUNTIFS(Session!$L$3:$L$202,Q10)=0,"⚠ no Session row","ok")) | Q10: =IF($A10="","",$A10*10+IF($B10="",1,$B10))
L11: =IF($A11="","",IF(COUNT(D11:F11)<3,"",IF(MIN(D11:F11)<=low_max,"LOW",IF(MIN(D11:F11)<=watch_max,"WATCH","GOOD")))) | M11: =IF($A11="","",IF(COUNT(H11:J11)<3,"",IF(MIN((11-H11),I11,J11)<=low_max,"LOW",IF(MIN((11-H11),I11,J11)<=watch_max,"WATCH","GOOD")))) | N11: =IF(OR(L11="LOW",M11="LOW"),"LOW",IF(OR(L11="WATCH",M11="WATCH"),"WATCH",IF(OR(L11="GOOD",M11="GOOD"),"GOOD",""))) | O11: =IF(COUNT(D11:F11,H11:J11)<6,"",ROUND(AVERAGE(D11,E11,F11,(11-H11),I11,J11),1)) | P11: =IF($A11="","",IF(COUNTIFS(Session!$L$3:$L$202,Q11)=0,"⚠ no Session row","ok")) | Q11: =IF($A11="","",$A11*10+IF($B11="",1,$B11))
L12: =IF($A12="","",IF(COUNT(D12:F12)<3,"",IF(MIN(D12:F12)<=low_max,"LOW",IF(MIN(D12:F12)<=watch_max,"WATCH","GOOD")))) | M12: =IF($A12="","",IF(COUNT(H12:J12)<3,"",IF(MIN((11-H12),I12,J12)<=low_max,"LOW",IF(MIN((11-H12),I12,J12)<=watch_max,"WATCH","GOOD")))) | N12: =IF(OR(L12="LOW",M12="LOW"),"LOW",IF(OR(L12="WATCH",M12="WATCH"),"WATCH",IF(OR(L12="GOOD",M12="GOOD"),"GOOD",""))) | O12: =IF(COUNT(D12:F12,H12:J12)<6,"",ROUND(AVERAGE(D12,E12,F12,(11-H12),I12,J12),1)) | P12: =IF($A12="","",IF(COUNTIFS(Session!$L$3:$L$202,Q12)=0,"⚠ no Session row","ok")) | Q12: =IF($A12="","",$A12*10+IF($B12="",1,$B12))
L13: =IF($A13="","",IF(COUNT(D13:F13)<3,"",IF(MIN(D13:F13)<=low_max,"LOW",IF(MIN(D13:F13)<=watch_max,"WATCH","GOOD")))) | M13: =IF($A13="","",IF(COUNT(H13:J13)<3,"",IF(MIN((11-H13),I13,J13)<=low_max,"LOW",IF(MIN((11-H13),I13,J13)<=watch_max,"WATCH","GOOD")))) | N13: =IF(OR(L13="LOW",M13="LOW"),"LOW",IF(OR(L13="WATCH",M13="WATCH"),"WATCH",IF(OR(L13="GOOD",M13="GOOD"),"GOOD",""))) | O13: =IF(COUNT(D13:F13,H13:J13)<6,"",ROUND(AVERAGE(D13,E13,F13,(11-H13),I13,J13),1)) | P13: =IF($A13="","",IF(COUNTIFS(Session!$L$3:$L$202,Q13)=0,"⚠ no Session row","ok")) | Q13: =IF($A13="","",$A13*10+IF($B13="",1,$B13))
L14: =IF($A14="","",IF(COUNT(D14:F14)<3,"",IF(MIN(D14:F14)<=low_max,"LOW",IF(MIN(D14:F14)<=watch_max,"WATCH","GOOD")))) | M14: =IF($A14="","",IF(COUNT(H14:J14)<3,"",IF(MIN((11-H14),I14,J14)<=low_max,"LOW",IF(MIN((11-H14),I14,J14)<=watch_max,"WATCH","GOOD")))) | N14: =IF(OR(L14="LOW",M14="LOW"),"LOW",IF(OR(L14="WATCH",M14="WATCH"),"WATCH",IF(OR(L14="GOOD",M14="GOOD"),"GOOD",""))) | O14: =IF(COUNT(D14:F14,H14:J14)<6,"",ROUND(AVERAGE(D14,E14,F14,(11-H14),I14,J14),1)) | P14: =IF($A14="","",IF(COUNTIFS(Session!$L$3:$L$202,Q14)=0,"⚠ no Session row","ok")) | Q14: =IF($A14="","",$A14*10+IF($B14="",1,$B14))
L15: =IF($A15="","",IF(COUNT(D15:F15)<3,"",IF(MIN(D15:F15)<=low_max,"LOW",IF(MIN(D15:F15)<=watch_max,"WATCH","GOOD")))) | M15: =IF($A15="","",IF(COUNT(H15:J15)<3,"",IF(MIN((11-H15),I15,J15)<=low_max,"LOW",IF(MIN((11-H15),I15,J15)<=watch_max,"WATCH","GOOD")))) | N15: =IF(OR(L15="LOW",M15="LOW"),"LOW",IF(OR(L15="WATCH",M15="WATCH"),"WATCH",IF(OR(L15="GOOD",M15="GOOD"),"GOOD",""))) | O15: =IF(COUNT(D15:F15,H15:J15)<6,"",ROUND(AVERAGE(D15,E15,F15,(11-H15),I15,J15),1)) | P15: =IF($A15="","",IF(COUNTIFS(Session!$L$3:$L$202,Q15)=0,"⚠ no Session row","ok")) | Q15: =IF($A15="","",$A15*10+IF($B15="",1,$B15))
L16: =IF($A16="","",IF(COUNT(D16:F16)<3,"",IF(MIN(D16:F16)<=low_max,"LOW",IF(MIN(D16:F16)<=watch_max,"WATCH","GOOD")))) | M16: =IF($A16="","",IF(COUNT(H16:J16)<3,"",IF(MIN((11-H16),I16,J16)<=low_max,"LOW",IF(MIN((11-H16),I16,J16)<=watch_max,"WATCH","GOOD")))) | N16: =IF(OR(L16="LOW",M16="LOW"),"LOW",IF(OR(L16="WATCH",M16="WATCH"),"WATCH",IF(OR(L16="GOOD",M16="GOOD"),"GOOD",""))) | O16: =IF(COUNT(D16:F16,H16:J16)<6,"",ROUND(AVERAGE(D16,E16,F16,(11-H16),I16,J16),1)) | P16: =IF($A16="","",IF(COUNTIFS(Session!$L$3:$L$202,Q16)=0,"⚠ no Session row","ok")) | Q16: =IF($A16="","",$A16*10+IF($B16="",1,$B16))
L17: =IF($A17="","",IF(COUNT(D17:F17)<3,"",IF(MIN(D17:F17)<=low_max,"LOW",IF(MIN(D17:F17)<=watch_max,"WATCH","GOOD")))) | M17: =IF($A17="","",IF(COUNT(H17:J17)<3,"",IF(MIN((11-H17),I17,J17)<=low_max,"LOW",IF(MIN((11-H17),I17,J17)<=watch_max,"WATCH","GOOD")))) | N17: =IF(OR(L17="LOW",M17="LOW"),"LOW",IF(OR(L17="WATCH",M17="WATCH"),"WATCH",IF(OR(L17="GOOD",M17="GOOD"),"GOOD",""))) | O17: =IF(COUNT(D17:F17,H17:J17)<6,"",ROUND(AVERAGE(D17,E17,F17,(11-H17),I17,J17),1)) | P17: =IF($A17="","",IF(COUNTIFS(Session!$L$3:$L$202,Q17)=0,"⚠ no Session row","ok")) | Q17: =IF($A17="","",$A17*10+IF($B17="",1,$B17))
... L202: =IF($A202="","",IF(COUNT(D202:F202)<3,"",IF(MIN(D202:F202)<=low_max,"LOW",IF(MIN(D202:F202)<=watch_max,"WATCH","GOOD")))) | M202: =IF($A202="","",IF(COUNT(H202:J202)<3,"",IF(MIN((11-H202),I202,J202)<=low_max,"LOW",IF(MIN((11-H202),I202,J202)<=watch_max,"WATCH","GOOD")))) | N202: =IF(OR(L202="LOW",M202="LOW"),"LOW",IF(OR(L202="WATCH",M202="WATCH"),"WATCH",IF(OR(L202="GOOD",M202="GOOD"),"GOOD",""))) | O202: =IF(COUNT(D202:F202,H202:J202)<6,"",ROUND(AVERAGE(D202,E202,F202,(11-H202),I202,J202),1)) | P202: =IF($A202="","",IF(COUNTIFS(Session!$L$3:$L$202,Q202)=0,"⚠ no Session row","ok")) | Q202: =IF($A202="","",$A202*10+IF($B202="",1,$B202))

Sheet _settings
A1: key | B1: value | C1: label
A2: low_max | B2: 4 | C2: LOW when the lowest (flipped) score is ≤ this
A3: watch_max | B3: 6 | C3: WATCH when the lowest (flipped) score is ≤ this

Sheet _meta
A1: key | B1: value
A2: module | B2: journal
A3: module_version | B3: 1
A4: schema_synced_at | B4: 2026-10-20T21:00:00
A5: app_version | B5: mockup
