Workbook
Name low_max: _settings!$B$2
Name watch_max: _settings!$B$3

Sheet Sessions
A1: Date | B1: Session type | C1: Start time (optional) | D1: Fingers before (1–10 ↓) | E1: Forearms before (1–10 ↓) | F1: Shoulders before (1–10 ↓) | G1: Session effort (1–10) | H1: Notes | I1: Readiness | J1: Readiness status | K1: Sets | L1: Top added kg (hangs) | M1: Est. 1RM left (curls) | N1: Est. 1RM right (curls) | O1: L/R imbalance % (+ = left stronger) | P1: key (auto, hidden) | Q1: updated_at (app fills) | R1: deleted (app fills)
A2: date | B2: session_type | C2: start_time | D2: pre_fingers | E2: pre_forearms | F2: pre_shoulders | G2: session_rpe | H2: notes | I2: auto:readiness | J2: auto:readiness_status | K2: auto:n_sets | L2: auto:top_added_kg | M2: auto:est_1rm_left | N2: auto:est_1rm_right | O2: auto:lr_imbalance_pct | P2: auto:_key | Q2: updated_at | R2: deleted
A3: 46309 | B3: Max hangs | C3: 0.77083333 | D3: 2 | E3: 3 | F3: 4 | G3: 8 | H3: [ESEMPIO] Dita fresche, pelle ok. Ultima serie più dura del previsto. | I3: =IF(COUNT(D3:F3)=0,"",ROUND(11-AVERAGE(D3:F3),1)) | J3: =IF(COUNT(D3:F3)=0,"",IF(11-MAX(D3:F3)<=low_max,"LOW",IF(11-MAX(D3:F3)<=watch_max,"WATCH","GOOD"))) | K3: =IF(OR($A3="",B3=""),"",IF(B3="Max hangs",COUNTIFS('Hang sets'!$N$3:$N$202,P3),COUNTIFS('Curl sets'!$P$3:$P$202,P3))) | L3: =IF(OR(B3<>"Max hangs",N(K3)=0),"",_xlfn.MAXIFS('Hang sets'!$G$3:$G$202,'Hang sets'!$N$3:$N$202,P3)) | M3: =IF(OR(B3<>"Finger curls",N(K3)=0),"",_xlfn.MAXIFS('Curl sets'!$L$3:$L$202,'Curl sets'!$P$3:$P$202,P3)) | N3: =IF(OR(B3<>"Finger curls",N(K3)=0),"",_xlfn.MAXIFS('Curl sets'!$M$3:$M$202,'Curl sets'!$P$3:$P$202,P3)) | O3: =IF(COUNT(M3,N3)<2,"",ROUND(100*(M3-N3)/MAX(M3,N3),1)) | P3: =IF(OR($A3="",B3=""),"",$A3*10+IF(B3="Max hangs",1,2))
A4: 46311 | B4: Finger curls | C4: 0.79166667 | D4: 3 | E4: 5 | F4: 3 | G4: 7 | H4: [ESEMPIO] Sinistra un po' più debole, già notato la settimana scorsa. | I4: =IF(COUNT(D4:F4)=0,"",ROUND(11-AVERAGE(D4:F4),1)) | J4: =IF(COUNT(D4:F4)=0,"",IF(11-MAX(D4:F4)<=low_max,"LOW",IF(11-MAX(D4:F4)<=watch_max,"WATCH","GOOD"))) | K4: =IF(OR($A4="",B4=""),"",IF(B4="Max hangs",COUNTIFS('Hang sets'!$N$3:$N$202,P4),COUNTIFS('Curl sets'!$P$3:$P$202,P4))) | L4: =IF(OR(B4<>"Max hangs",N(K4)=0),"",_xlfn.MAXIFS('Hang sets'!$G$3:$G$202,'Hang sets'!$N$3:$N$202,P4)) | M4: =IF(OR(B4<>"Finger curls",N(K4)=0),"",_xlfn.MAXIFS('Curl sets'!$L$3:$L$202,'Curl sets'!$P$3:$P$202,P4)) | N4: =IF(OR(B4<>"Finger curls",N(K4)=0),"",_xlfn.MAXIFS('Curl sets'!$M$3:$M$202,'Curl sets'!$P$3:$P$202,P4)) | O4: =IF(COUNT(M4,N4)<2,"",ROUND(100*(M4-N4)/MAX(M4,N4),1)) | P4: =IF(OR($A4="",B4=""),"",$A4*10+IF(B4="Max hangs",1,2))
A5: 46314 | B5: Max hangs | C5: 0.33333333 | D5: 2 | E5: 2 | F5: 3 | G5: 9 | H5: [ESEMPIO] Mattina, prima del lavoro: ottime sensazioni. | I5: =IF(COUNT(D5:F5)=0,"",ROUND(11-AVERAGE(D5:F5),1)) | J5: =IF(COUNT(D5:F5)=0,"",IF(11-MAX(D5:F5)<=low_max,"LOW",IF(11-MAX(D5:F5)<=watch_max,"WATCH","GOOD"))) | K5: =IF(OR($A5="",B5=""),"",IF(B5="Max hangs",COUNTIFS('Hang sets'!$N$3:$N$202,P5),COUNTIFS('Curl sets'!$P$3:$P$202,P5))) | L5: =IF(OR(B5<>"Max hangs",N(K5)=0),"",_xlfn.MAXIFS('Hang sets'!$G$3:$G$202,'Hang sets'!$N$3:$N$202,P5)) | M5: =IF(OR(B5<>"Finger curls",N(K5)=0),"",_xlfn.MAXIFS('Curl sets'!$L$3:$L$202,'Curl sets'!$P$3:$P$202,P5)) | N5: =IF(OR(B5<>"Finger curls",N(K5)=0),"",_xlfn.MAXIFS('Curl sets'!$M$3:$M$202,'Curl sets'!$P$3:$P$202,P5)) | O5: =IF(COUNT(M5,N5)<2,"",ROUND(100*(M5-N5)/MAX(M5,N5),1)) | P5: =IF(OR($A5="",B5=""),"",$A5*10+IF(B5="Max hangs",1,2))
A6: 46314 | B6: Finger curls | C6: 0.85416667 | D6: 4 | E6: 6 | F6: 3 | G6: 8 | H6: [ESEMPIO] Sera: avambracci ancora stanchi dalle sospensioni. | I6: =IF(COUNT(D6:F6)=0,"",ROUND(11-AVERAGE(D6:F6),1)) | J6: =IF(COUNT(D6:F6)=0,"",IF(11-MAX(D6:F6)<=low_max,"LOW",IF(11-MAX(D6:F6)<=watch_max,"WATCH","GOOD"))) | K6: =IF(OR($A6="",B6=""),"",IF(B6="Max hangs",COUNTIFS('Hang sets'!$N$3:$N$202,P6),COUNTIFS('Curl sets'!$P$3:$P$202,P6))) | L6: =IF(OR(B6<>"Max hangs",N(K6)=0),"",_xlfn.MAXIFS('Hang sets'!$G$3:$G$202,'Hang sets'!$N$3:$N$202,P6)) | M6: =IF(OR(B6<>"Finger curls",N(K6)=0),"",_xlfn.MAXIFS('Curl sets'!$L$3:$L$202,'Curl sets'!$P$3:$P$202,P6)) | N6: =IF(OR(B6<>"Finger curls",N(K6)=0),"",_xlfn.MAXIFS('Curl sets'!$M$3:$M$202,'Curl sets'!$P$3:$P$202,P6)) | O6: =IF(COUNT(M6,N6)<2,"",ROUND(100*(M6-N6)/MAX(M6,N6),1)) | P6: =IF(OR($A6="",B6=""),"",$A6*10+IF(B6="Max hangs",1,2))
I7: =IF(COUNT(D7:F7)=0,"",ROUND(11-AVERAGE(D7:F7),1)) | J7: =IF(COUNT(D7:F7)=0,"",IF(11-MAX(D7:F7)<=low_max,"LOW",IF(11-MAX(D7:F7)<=watch_max,"WATCH","GOOD"))) | K7: =IF(OR($A7="",B7=""),"",IF(B7="Max hangs",COUNTIFS('Hang sets'!$N$3:$N$202,P7),COUNTIFS('Curl sets'!$P$3:$P$202,P7))) | L7: =IF(OR(B7<>"Max hangs",N(K7)=0),"",_xlfn.MAXIFS('Hang sets'!$G$3:$G$202,'Hang sets'!$N$3:$N$202,P7)) | M7: =IF(OR(B7<>"Finger curls",N(K7)=0),"",_xlfn.MAXIFS('Curl sets'!$L$3:$L$202,'Curl sets'!$P$3:$P$202,P7)) | N7: =IF(OR(B7<>"Finger curls",N(K7)=0),"",_xlfn.MAXIFS('Curl sets'!$M$3:$M$202,'Curl sets'!$P$3:$P$202,P7)) | O7: =IF(COUNT(M7,N7)<2,"",ROUND(100*(M7-N7)/MAX(M7,N7),1)) | P7: =IF(OR($A7="",B7=""),"",$A7*10+IF(B7="Max hangs",1,2))
I8: =IF(COUNT(D8:F8)=0,"",ROUND(11-AVERAGE(D8:F8),1)) | J8: =IF(COUNT(D8:F8)=0,"",IF(11-MAX(D8:F8)<=low_max,"LOW",IF(11-MAX(D8:F8)<=watch_max,"WATCH","GOOD"))) | K8: =IF(OR($A8="",B8=""),"",IF(B8="Max hangs",COUNTIFS('Hang sets'!$N$3:$N$202,P8),COUNTIFS('Curl sets'!$P$3:$P$202,P8))) | L8: =IF(OR(B8<>"Max hangs",N(K8)=0),"",_xlfn.MAXIFS('Hang sets'!$G$3:$G$202,'Hang sets'!$N$3:$N$202,P8)) | M8: =IF(OR(B8<>"Finger curls",N(K8)=0),"",_xlfn.MAXIFS('Curl sets'!$L$3:$L$202,'Curl sets'!$P$3:$P$202,P8)) | N8: =IF(OR(B8<>"Finger curls",N(K8)=0),"",_xlfn.MAXIFS('Curl sets'!$M$3:$M$202,'Curl sets'!$P$3:$P$202,P8)) | O8: =IF(COUNT(M8,N8)<2,"",ROUND(100*(M8-N8)/MAX(M8,N8),1)) | P8: =IF(OR($A8="",B8=""),"",$A8*10+IF(B8="Max hangs",1,2))
I9: =IF(COUNT(D9:F9)=0,"",ROUND(11-AVERAGE(D9:F9),1)) | J9: =IF(COUNT(D9:F9)=0,"",IF(11-MAX(D9:F9)<=low_max,"LOW",IF(11-MAX(D9:F9)<=watch_max,"WATCH","GOOD"))) | K9: =IF(OR($A9="",B9=""),"",IF(B9="Max hangs",COUNTIFS('Hang sets'!$N$3:$N$202,P9),COUNTIFS('Curl sets'!$P$3:$P$202,P9))) | L9: =IF(OR(B9<>"Max hangs",N(K9)=0),"",_xlfn.MAXIFS('Hang sets'!$G$3:$G$202,'Hang sets'!$N$3:$N$202,P9)) | M9: =IF(OR(B9<>"Finger curls",N(K9)=0),"",_xlfn.MAXIFS('Curl sets'!$L$3:$L$202,'Curl sets'!$P$3:$P$202,P9)) | N9: =IF(OR(B9<>"Finger curls",N(K9)=0),"",_xlfn.MAXIFS('Curl sets'!$M$3:$M$202,'Curl sets'!$P$3:$P$202,P9)) | O9: =IF(COUNT(M9,N9)<2,"",ROUND(100*(M9-N9)/MAX(M9,N9),1)) | P9: =IF(OR($A9="",B9=""),"",$A9*10+IF(B9="Max hangs",1,2))
I10: =IF(COUNT(D10:F10)=0,"",ROUND(11-AVERAGE(D10:F10),1)) | J10: =IF(COUNT(D10:F10)=0,"",IF(11-MAX(D10:F10)<=low_max,"LOW",IF(11-MAX(D10:F10)<=watch_max,"WATCH","GOOD"))) | K10: =IF(OR($A10="",B10=""),"",IF(B10="Max hangs",COUNTIFS('Hang sets'!$N$3:$N$202,P10),COUNTIFS('Curl sets'!$P$3:$P$202,P10))) | L10: =IF(OR(B10<>"Max hangs",N(K10)=0),"",_xlfn.MAXIFS('Hang sets'!$G$3:$G$202,'Hang sets'!$N$3:$N$202,P10)) | M10: =IF(OR(B10<>"Finger curls",N(K10)=0),"",_xlfn.MAXIFS('Curl sets'!$L$3:$L$202,'Curl sets'!$P$3:$P$202,P10)) | N10: =IF(OR(B10<>"Finger curls",N(K10)=0),"",_xlfn.MAXIFS('Curl sets'!$M$3:$M$202,'Curl sets'!$P$3:$P$202,P10)) | O10: =IF(COUNT(M10,N10)<2,"",ROUND(100*(M10-N10)/MAX(M10,N10),1)) | P10: =IF(OR($A10="",B10=""),"",$A10*10+IF(B10="Max hangs",1,2))
I11: =IF(COUNT(D11:F11)=0,"",ROUND(11-AVERAGE(D11:F11),1)) | J11: =IF(COUNT(D11:F11)=0,"",IF(11-MAX(D11:F11)<=low_max,"LOW",IF(11-MAX(D11:F11)<=watch_max,"WATCH","GOOD"))) | K11: =IF(OR($A11="",B11=""),"",IF(B11="Max hangs",COUNTIFS('Hang sets'!$N$3:$N$202,P11),COUNTIFS('Curl sets'!$P$3:$P$202,P11))) | L11: =IF(OR(B11<>"Max hangs",N(K11)=0),"",_xlfn.MAXIFS('Hang sets'!$G$3:$G$202,'Hang sets'!$N$3:$N$202,P11)) | M11: =IF(OR(B11<>"Finger curls",N(K11)=0),"",_xlfn.MAXIFS('Curl sets'!$L$3:$L$202,'Curl sets'!$P$3:$P$202,P11)) | N11: =IF(OR(B11<>"Finger curls",N(K11)=0),"",_xlfn.MAXIFS('Curl sets'!$M$3:$M$202,'Curl sets'!$P$3:$P$202,P11)) | O11: =IF(COUNT(M11,N11)<2,"",ROUND(100*(M11-N11)/MAX(M11,N11),1)) | P11: =IF(OR($A11="",B11=""),"",$A11*10+IF(B11="Max hangs",1,2))
I12: =IF(COUNT(D12:F12)=0,"",ROUND(11-AVERAGE(D12:F12),1)) | J12: =IF(COUNT(D12:F12)=0,"",IF(11-MAX(D12:F12)<=low_max,"LOW",IF(11-MAX(D12:F12)<=watch_max,"WATCH","GOOD"))) | K12: =IF(OR($A12="",B12=""),"",IF(B12="Max hangs",COUNTIFS('Hang sets'!$N$3:$N$202,P12),COUNTIFS('Curl sets'!$P$3:$P$202,P12))) | L12: =IF(OR(B12<>"Max hangs",N(K12)=0),"",_xlfn.MAXIFS('Hang sets'!$G$3:$G$202,'Hang sets'!$N$3:$N$202,P12)) | M12: =IF(OR(B12<>"Finger curls",N(K12)=0),"",_xlfn.MAXIFS('Curl sets'!$L$3:$L$202,'Curl sets'!$P$3:$P$202,P12)) | N12: =IF(OR(B12<>"Finger curls",N(K12)=0),"",_xlfn.MAXIFS('Curl sets'!$M$3:$M$202,'Curl sets'!$P$3:$P$202,P12)) | O12: =IF(COUNT(M12,N12)<2,"",ROUND(100*(M12-N12)/MAX(M12,N12),1)) | P12: =IF(OR($A12="",B12=""),"",$A12*10+IF(B12="Max hangs",1,2))
I13: =IF(COUNT(D13:F13)=0,"",ROUND(11-AVERAGE(D13:F13),1)) | J13: =IF(COUNT(D13:F13)=0,"",IF(11-MAX(D13:F13)<=low_max,"LOW",IF(11-MAX(D13:F13)<=watch_max,"WATCH","GOOD"))) | K13: =IF(OR($A13="",B13=""),"",IF(B13="Max hangs",COUNTIFS('Hang sets'!$N$3:$N$202,P13),COUNTIFS('Curl sets'!$P$3:$P$202,P13))) | L13: =IF(OR(B13<>"Max hangs",N(K13)=0),"",_xlfn.MAXIFS('Hang sets'!$G$3:$G$202,'Hang sets'!$N$3:$N$202,P13)) | M13: =IF(OR(B13<>"Finger curls",N(K13)=0),"",_xlfn.MAXIFS('Curl sets'!$L$3:$L$202,'Curl sets'!$P$3:$P$202,P13)) | N13: =IF(OR(B13<>"Finger curls",N(K13)=0),"",_xlfn.MAXIFS('Curl sets'!$M$3:$M$202,'Curl sets'!$P$3:$P$202,P13)) | O13: =IF(COUNT(M13,N13)<2,"",ROUND(100*(M13-N13)/MAX(M13,N13),1)) | P13: =IF(OR($A13="",B13=""),"",$A13*10+IF(B13="Max hangs",1,2))
I14: =IF(COUNT(D14:F14)=0,"",ROUND(11-AVERAGE(D14:F14),1)) | J14: =IF(COUNT(D14:F14)=0,"",IF(11-MAX(D14:F14)<=low_max,"LOW",IF(11-MAX(D14:F14)<=watch_max,"WATCH","GOOD"))) | K14: =IF(OR($A14="",B14=""),"",IF(B14="Max hangs",COUNTIFS('Hang sets'!$N$3:$N$202,P14),COUNTIFS('Curl sets'!$P$3:$P$202,P14))) | L14: =IF(OR(B14<>"Max hangs",N(K14)=0),"",_xlfn.MAXIFS('Hang sets'!$G$3:$G$202,'Hang sets'!$N$3:$N$202,P14)) | M14: =IF(OR(B14<>"Finger curls",N(K14)=0),"",_xlfn.MAXIFS('Curl sets'!$L$3:$L$202,'Curl sets'!$P$3:$P$202,P14)) | N14: =IF(OR(B14<>"Finger curls",N(K14)=0),"",_xlfn.MAXIFS('Curl sets'!$M$3:$M$202,'Curl sets'!$P$3:$P$202,P14)) | O14: =IF(COUNT(M14,N14)<2,"",ROUND(100*(M14-N14)/MAX(M14,N14),1)) | P14: =IF(OR($A14="",B14=""),"",$A14*10+IF(B14="Max hangs",1,2))
I15: =IF(COUNT(D15:F15)=0,"",ROUND(11-AVERAGE(D15:F15),1)) | J15: =IF(COUNT(D15:F15)=0,"",IF(11-MAX(D15:F15)<=low_max,"LOW",IF(11-MAX(D15:F15)<=watch_max,"WATCH","GOOD"))) | K15: =IF(OR($A15="",B15=""),"",IF(B15="Max hangs",COUNTIFS('Hang sets'!$N$3:$N$202,P15),COUNTIFS('Curl sets'!$P$3:$P$202,P15))) | L15: =IF(OR(B15<>"Max hangs",N(K15)=0),"",_xlfn.MAXIFS('Hang sets'!$G$3:$G$202,'Hang sets'!$N$3:$N$202,P15)) | M15: =IF(OR(B15<>"Finger curls",N(K15)=0),"",_xlfn.MAXIFS('Curl sets'!$L$3:$L$202,'Curl sets'!$P$3:$P$202,P15)) | N15: =IF(OR(B15<>"Finger curls",N(K15)=0),"",_xlfn.MAXIFS('Curl sets'!$M$3:$M$202,'Curl sets'!$P$3:$P$202,P15)) | O15: =IF(COUNT(M15,N15)<2,"",ROUND(100*(M15-N15)/MAX(M15,N15),1)) | P15: =IF(OR($A15="",B15=""),"",$A15*10+IF(B15="Max hangs",1,2))
I16: =IF(COUNT(D16:F16)=0,"",ROUND(11-AVERAGE(D16:F16),1)) | J16: =IF(COUNT(D16:F16)=0,"",IF(11-MAX(D16:F16)<=low_max,"LOW",IF(11-MAX(D16:F16)<=watch_max,"WATCH","GOOD"))) | K16: =IF(OR($A16="",B16=""),"",IF(B16="Max hangs",COUNTIFS('Hang sets'!$N$3:$N$202,P16),COUNTIFS('Curl sets'!$P$3:$P$202,P16))) | L16: =IF(OR(B16<>"Max hangs",N(K16)=0),"",_xlfn.MAXIFS('Hang sets'!$G$3:$G$202,'Hang sets'!$N$3:$N$202,P16)) | M16: =IF(OR(B16<>"Finger curls",N(K16)=0),"",_xlfn.MAXIFS('Curl sets'!$L$3:$L$202,'Curl sets'!$P$3:$P$202,P16)) | N16: =IF(OR(B16<>"Finger curls",N(K16)=0),"",_xlfn.MAXIFS('Curl sets'!$M$3:$M$202,'Curl sets'!$P$3:$P$202,P16)) | O16: =IF(COUNT(M16,N16)<2,"",ROUND(100*(M16-N16)/MAX(M16,N16),1)) | P16: =IF(OR($A16="",B16=""),"",$A16*10+IF(B16="Max hangs",1,2))
I17: =IF(COUNT(D17:F17)=0,"",ROUND(11-AVERAGE(D17:F17),1)) | J17: =IF(COUNT(D17:F17)=0,"",IF(11-MAX(D17:F17)<=low_max,"LOW",IF(11-MAX(D17:F17)<=watch_max,"WATCH","GOOD"))) | K17: =IF(OR($A17="",B17=""),"",IF(B17="Max hangs",COUNTIFS('Hang sets'!$N$3:$N$202,P17),COUNTIFS('Curl sets'!$P$3:$P$202,P17))) | L17: =IF(OR(B17<>"Max hangs",N(K17)=0),"",_xlfn.MAXIFS('Hang sets'!$G$3:$G$202,'Hang sets'!$N$3:$N$202,P17)) | M17: =IF(OR(B17<>"Finger curls",N(K17)=0),"",_xlfn.MAXIFS('Curl sets'!$L$3:$L$202,'Curl sets'!$P$3:$P$202,P17)) | N17: =IF(OR(B17<>"Finger curls",N(K17)=0),"",_xlfn.MAXIFS('Curl sets'!$M$3:$M$202,'Curl sets'!$P$3:$P$202,P17)) | O17: =IF(COUNT(M17,N17)<2,"",ROUND(100*(M17-N17)/MAX(M17,N17),1)) | P17: =IF(OR($A17="",B17=""),"",$A17*10+IF(B17="Max hangs",1,2))
I18: =IF(COUNT(D18:F18)=0,"",ROUND(11-AVERAGE(D18:F18),1)) | J18: =IF(COUNT(D18:F18)=0,"",IF(11-MAX(D18:F18)<=low_max,"LOW",IF(11-MAX(D18:F18)<=watch_max,"WATCH","GOOD"))) | K18: =IF(OR($A18="",B18=""),"",IF(B18="Max hangs",COUNTIFS('Hang sets'!$N$3:$N$202,P18),COUNTIFS('Curl sets'!$P$3:$P$202,P18))) | L18: =IF(OR(B18<>"Max hangs",N(K18)=0),"",_xlfn.MAXIFS('Hang sets'!$G$3:$G$202,'Hang sets'!$N$3:$N$202,P18)) | M18: =IF(OR(B18<>"Finger curls",N(K18)=0),"",_xlfn.MAXIFS('Curl sets'!$L$3:$L$202,'Curl sets'!$P$3:$P$202,P18)) | N18: =IF(OR(B18<>"Finger curls",N(K18)=0),"",_xlfn.MAXIFS('Curl sets'!$M$3:$M$202,'Curl sets'!$P$3:$P$202,P18)) | O18: =IF(COUNT(M18,N18)<2,"",ROUND(100*(M18-N18)/MAX(M18,N18),1)) | P18: =IF(OR($A18="",B18=""),"",$A18*10+IF(B18="Max hangs",1,2))
... I202: =IF(COUNT(D202:F202)=0,"",ROUND(11-AVERAGE(D202:F202),1)) | J202: =IF(COUNT(D202:F202)=0,"",IF(11-MAX(D202:F202)<=low_max,"LOW",IF(11-MAX(D202:F202)<=watch_max,"WATCH","GOOD"))) | K202: =IF(OR($A202="",B202=""),"",IF(B202="Max hangs",COUNTIFS('Hang sets'!$N$3:$N$202,P202),COUNTIFS('Curl sets'!$P$3:$P$202,P202))) | L202: =IF(OR(B202<>"Max hangs",N(K202)=0),"",_xlfn.MAXIFS('Hang sets'!$G$3:$G$202,'Hang sets'!$N$3:$N$202,P202)) | M202: =IF(OR(B202<>"Finger curls",N(K202)=0),"",_xlfn.MAXIFS('Curl sets'!$L$3:$L$202,'Curl sets'!$P$3:$P$202,P202)) | N202: =IF(OR(B202<>"Finger curls",N(K202)=0),"",_xlfn.MAXIFS('Curl sets'!$M$3:$M$202,'Curl sets'!$P$3:$P$202,P202)) | O202: =IF(COUNT(M202,N202)<2,"",ROUND(100*(M202-N202)/MAX(M202,N202),1)) | P202: =IF(OR($A202="",B202=""),"",$A202*10+IF(B202="Max hangs",1,2))

Sheet Hang sets
A1: Date | B1: Set # (blank = next) | C1: Edge (mm) | D1: Grip | E1: Arms | F1: Hang (s) | G1: Added kg (− = assist) | H1: Rest (s) | I1: RPE (1–10) | J1: Completed? | K1: Note | L1: Set # (auto) | M1: Session check | N1: key (auto, hidden) | O1: updated_at (app fills) | P1: deleted (app fills)
A2: date | B2: set_no | C2: edge_mm | D2: grip | E2: arms | F2: hang_s | G2: added_kg | H2: rest_s | I2: rpe | J2: completed | K2: note | L2: auto:set_no | M2: auto:session_check | N2: auto:_key | O2: updated_at | P2: deleted
A3: 46309 | B3: 1 | C3: 20 | D3: Half crimp | E3: Two arms | F3: 10 | G3: 10 | H3: 180 | I3: 7 | J3: Yes | L3: =IF($A3="","",IF(B3<>"",B3,COUNTIFS($N$3:N3,N3))) | M3: =IF($A3="","",IF(COUNTIFS('Sessions'!$P$3:$P$202,N3)=0,"⚠ no Max hangs session row","ok")) | N3: =IF($A3="","",$A3*10+1)
A4: 46309 | B4: 2 | C4: 20 | D4: Half crimp | E4: Two arms | F4: 10 | G4: 12.5 | H4: 180 | I4: 8 | J4: Yes | L4: =IF($A4="","",IF(B4<>"",B4,COUNTIFS($N$3:N4,N4))) | M4: =IF($A4="","",IF(COUNTIFS('Sessions'!$P$3:$P$202,N4)=0,"⚠ no Max hangs session row","ok")) | N4: =IF($A4="","",$A4*10+1)
A5: 46309 | B5: 3 | C5: 20 | D5: Half crimp | E5: Two arms | F5: 10 | G5: 12.5 | H5: 180 | I5: 9 | J5: Yes | K5: [ESEMPIO] presa scivolata a metà | L5: =IF($A5="","",IF(B5<>"",B5,COUNTIFS($N$3:N5,N5))) | M5: =IF($A5="","",IF(COUNTIFS('Sessions'!$P$3:$P$202,N5)=0,"⚠ no Max hangs session row","ok")) | N5: =IF($A5="","",$A5*10+1)
A6: 46309 | C6: 20 | D6: Half crimp | E6: Two arms | F6: 10 | G6: 12.5 | H6: 180 | I6: 9 | J6: No | K6: [ESEMPIO] set # lasciato vuoto → auto 4 | L6: =IF($A6="","",IF(B6<>"",B6,COUNTIFS($N$3:N6,N6))) | M6: =IF($A6="","",IF(COUNTIFS('Sessions'!$P$3:$P$202,N6)=0,"⚠ no Max hangs session row","ok")) | N6: =IF($A6="","",$A6*10+1)
A7: 46314 | B7: 1 | C7: 20 | D7: Half crimp | E7: Two arms | F7: 10 | G7: 12.5 | H7: 180 | I7: 8 | J7: Yes | L7: =IF($A7="","",IF(B7<>"",B7,COUNTIFS($N$3:N7,N7))) | M7: =IF($A7="","",IF(COUNTIFS('Sessions'!$P$3:$P$202,N7)=0,"⚠ no Max hangs session row","ok")) | N7: =IF($A7="","",$A7*10+1)
A8: 46314 | B8: 2 | C8: 20 | D8: Half crimp | E8: Two arms | F8: 10 | G8: 15 | H8: 180 | I8: 9 | J8: Yes | L8: =IF($A8="","",IF(B8<>"",B8,COUNTIFS($N$3:N8,N8))) | M8: =IF($A8="","",IF(COUNTIFS('Sessions'!$P$3:$P$202,N8)=0,"⚠ no Max hangs session row","ok")) | N8: =IF($A8="","",$A8*10+1)
A9: 46311 | B9: 1 | C9: 20 | D9: Half crimp | E9: Two arms | F9: 10 | G9: 10 | H9: 180 | I9: 7 | J9: Yes | K9: [ESEMPIO] 16/10 è solo curl → manca la riga Max hangs | L9: =IF($A9="","",IF(B9<>"",B9,COUNTIFS($N$3:N9,N9))) | M9: =IF($A9="","",IF(COUNTIFS('Sessions'!$P$3:$P$202,N9)=0,"⚠ no Max hangs session row","ok")) | N9: =IF($A9="","",$A9*10+1)
L10: =IF($A10="","",IF(B10<>"",B10,COUNTIFS($N$3:N10,N10))) | M10: =IF($A10="","",IF(COUNTIFS('Sessions'!$P$3:$P$202,N10)=0,"⚠ no Max hangs session row","ok")) | N10: =IF($A10="","",$A10*10+1)
L11: =IF($A11="","",IF(B11<>"",B11,COUNTIFS($N$3:N11,N11))) | M11: =IF($A11="","",IF(COUNTIFS('Sessions'!$P$3:$P$202,N11)=0,"⚠ no Max hangs session row","ok")) | N11: =IF($A11="","",$A11*10+1)
L12: =IF($A12="","",IF(B12<>"",B12,COUNTIFS($N$3:N12,N12))) | M12: =IF($A12="","",IF(COUNTIFS('Sessions'!$P$3:$P$202,N12)=0,"⚠ no Max hangs session row","ok")) | N12: =IF($A12="","",$A12*10+1)
L13: =IF($A13="","",IF(B13<>"",B13,COUNTIFS($N$3:N13,N13))) | M13: =IF($A13="","",IF(COUNTIFS('Sessions'!$P$3:$P$202,N13)=0,"⚠ no Max hangs session row","ok")) | N13: =IF($A13="","",$A13*10+1)
L14: =IF($A14="","",IF(B14<>"",B14,COUNTIFS($N$3:N14,N14))) | M14: =IF($A14="","",IF(COUNTIFS('Sessions'!$P$3:$P$202,N14)=0,"⚠ no Max hangs session row","ok")) | N14: =IF($A14="","",$A14*10+1)
L15: =IF($A15="","",IF(B15<>"",B15,COUNTIFS($N$3:N15,N15))) | M15: =IF($A15="","",IF(COUNTIFS('Sessions'!$P$3:$P$202,N15)=0,"⚠ no Max hangs session row","ok")) | N15: =IF($A15="","",$A15*10+1)
L16: =IF($A16="","",IF(B16<>"",B16,COUNTIFS($N$3:N16,N16))) | M16: =IF($A16="","",IF(COUNTIFS('Sessions'!$P$3:$P$202,N16)=0,"⚠ no Max hangs session row","ok")) | N16: =IF($A16="","",$A16*10+1)
L17: =IF($A17="","",IF(B17<>"",B17,COUNTIFS($N$3:N17,N17))) | M17: =IF($A17="","",IF(COUNTIFS('Sessions'!$P$3:$P$202,N17)=0,"⚠ no Max hangs session row","ok")) | N17: =IF($A17="","",$A17*10+1)
L18: =IF($A18="","",IF(B18<>"",B18,COUNTIFS($N$3:N18,N18))) | M18: =IF($A18="","",IF(COUNTIFS('Sessions'!$P$3:$P$202,N18)=0,"⚠ no Max hangs session row","ok")) | N18: =IF($A18="","",$A18*10+1)
L19: =IF($A19="","",IF(B19<>"",B19,COUNTIFS($N$3:N19,N19))) | M19: =IF($A19="","",IF(COUNTIFS('Sessions'!$P$3:$P$202,N19)=0,"⚠ no Max hangs session row","ok")) | N19: =IF($A19="","",$A19*10+1)
L20: =IF($A20="","",IF(B20<>"",B20,COUNTIFS($N$3:N20,N20))) | M20: =IF($A20="","",IF(COUNTIFS('Sessions'!$P$3:$P$202,N20)=0,"⚠ no Max hangs session row","ok")) | N20: =IF($A20="","",$A20*10+1)
L21: =IF($A21="","",IF(B21<>"",B21,COUNTIFS($N$3:N21,N21))) | M21: =IF($A21="","",IF(COUNTIFS('Sessions'!$P$3:$P$202,N21)=0,"⚠ no Max hangs session row","ok")) | N21: =IF($A21="","",$A21*10+1)
... L202: =IF($A202="","",IF(B202<>"",B202,COUNTIFS($N$3:N202,N202))) | M202: =IF($A202="","",IF(COUNTIFS('Sessions'!$P$3:$P$202,N202)=0,"⚠ no Max hangs session row","ok")) | N202: =IF($A202="","",$A202*10+1)

Sheet Curl sets
A1: Date | B1: Set # (blank = next) | C1: Block left (kg) | D1: Reps left | E1: Block right (kg) | F1: Reps right | G1: Rest (s) | H1: RPE (1–10) | I1: Completed? | J1: Note | K1: Set # (auto) | L1: Est. 1RM left | M1: Est. 1RM right | N1: Volume kg | O1: Session check | P1: key (auto, hidden) | Q1: updated_at (app fills) | R1: deleted (app fills)
A2: date | B2: set_no | C2: load_left_kg | D2: reps_left | E2: load_right_kg | F2: reps_right | G2: rest_s | H2: rpe | I2: completed | J2: note | K2: auto:set_no | L2: auto:est_1rm_left | M2: auto:est_1rm_right | N2: auto:volume_kg | O2: auto:session_check | P2: auto:_key | Q2: updated_at | R2: deleted
A3: 46311 | B3: 1 | C3: 30 | D3: 8 | E3: 32.5 | F3: 8 | G3: 120 | H3: 7 | I3: Yes | K3: =IF($A3="","",IF(B3<>"",B3,COUNTIFS($P$3:P3,P3))) | L3: =IF(COUNT(C3,D3)<2,"",ROUND(C3*(1+D3/30),1)) | M3: =IF(COUNT(E3,F3)<2,"",ROUND(E3*(1+F3/30),1)) | N3: =IF(COUNT(C3:F3)=0,"",IF(COUNT(C3,D3)=2,C3*D3,0)+IF(COUNT(E3,F3)=2,E3*F3,0)) | O3: =IF($A3="","",IF(COUNTIFS('Sessions'!$P$3:$P$202,P3)=0,"⚠ no Finger curls session row","ok")) | P3: =IF($A3="","",$A3*10+2)
A4: 46311 | B4: 2 | C4: 32.5 | D4: 6 | E4: 35 | F4: 6 | G4: 120 | H4: 8 | I4: Yes | K4: =IF($A4="","",IF(B4<>"",B4,COUNTIFS($P$3:P4,P4))) | L4: =IF(COUNT(C4,D4)<2,"",ROUND(C4*(1+D4/30),1)) | M4: =IF(COUNT(E4,F4)<2,"",ROUND(E4*(1+F4/30),1)) | N4: =IF(COUNT(C4:F4)=0,"",IF(COUNT(C4,D4)=2,C4*D4,0)+IF(COUNT(E4,F4)=2,E4*F4,0)) | O4: =IF($A4="","",IF(COUNTIFS('Sessions'!$P$3:$P$202,P4)=0,"⚠ no Finger curls session row","ok")) | P4: =IF($A4="","",$A4*10+2)
A5: 46311 | B5: 3 | C5: 32.5 | D5: 5 | E5: 35 | F5: 6 | G5: 120 | H5: 9 | I5: Yes | K5: =IF($A5="","",IF(B5<>"",B5,COUNTIFS($P$3:P5,P5))) | L5: =IF(COUNT(C5,D5)<2,"",ROUND(C5*(1+D5/30),1)) | M5: =IF(COUNT(E5,F5)<2,"",ROUND(E5*(1+F5/30),1)) | N5: =IF(COUNT(C5:F5)=0,"",IF(COUNT(C5,D5)=2,C5*D5,0)+IF(COUNT(E5,F5)=2,E5*F5,0)) | O5: =IF($A5="","",IF(COUNTIFS('Sessions'!$P$3:$P$202,P5)=0,"⚠ no Finger curls session row","ok")) | P5: =IF($A5="","",$A5*10+2)
A6: 46314 | B6: 1 | C6: 30 | D6: 6 | E6: 32.5 | F6: 6 | G6: 120 | H6: 8 | I6: Yes | K6: =IF($A6="","",IF(B6<>"",B6,COUNTIFS($P$3:P6,P6))) | L6: =IF(COUNT(C6,D6)<2,"",ROUND(C6*(1+D6/30),1)) | M6: =IF(COUNT(E6,F6)<2,"",ROUND(E6*(1+F6/30),1)) | N6: =IF(COUNT(C6:F6)=0,"",IF(COUNT(C6,D6)=2,C6*D6,0)+IF(COUNT(E6,F6)=2,E6*F6,0)) | O6: =IF($A6="","",IF(COUNTIFS('Sessions'!$P$3:$P$202,P6)=0,"⚠ no Finger curls session row","ok")) | P6: =IF($A6="","",$A6*10+2)
A7: 46314 | C7: 30 | D7: 5 | E7: 32.5 | F7: 6 | G7: 120 | H7: 9 | I7: Yes | K7: =IF($A7="","",IF(B7<>"",B7,COUNTIFS($P$3:P7,P7))) | L7: =IF(COUNT(C7,D7)<2,"",ROUND(C7*(1+D7/30),1)) | M7: =IF(COUNT(E7,F7)<2,"",ROUND(E7*(1+F7/30),1)) | N7: =IF(COUNT(C7:F7)=0,"",IF(COUNT(C7,D7)=2,C7*D7,0)+IF(COUNT(E7,F7)=2,E7*F7,0)) | O7: =IF($A7="","",IF(COUNTIFS('Sessions'!$P$3:$P$202,P7)=0,"⚠ no Finger curls session row","ok")) | P7: =IF($A7="","",$A7*10+2)
K8: =IF($A8="","",IF(B8<>"",B8,COUNTIFS($P$3:P8,P8))) | L8: =IF(COUNT(C8,D8)<2,"",ROUND(C8*(1+D8/30),1)) | M8: =IF(COUNT(E8,F8)<2,"",ROUND(E8*(1+F8/30),1)) | N8: =IF(COUNT(C8:F8)=0,"",IF(COUNT(C8,D8)=2,C8*D8,0)+IF(COUNT(E8,F8)=2,E8*F8,0)) | O8: =IF($A8="","",IF(COUNTIFS('Sessions'!$P$3:$P$202,P8)=0,"⚠ no Finger curls session row","ok")) | P8: =IF($A8="","",$A8*10+2)
K9: =IF($A9="","",IF(B9<>"",B9,COUNTIFS($P$3:P9,P9))) | L9: =IF(COUNT(C9,D9)<2,"",ROUND(C9*(1+D9/30),1)) | M9: =IF(COUNT(E9,F9)<2,"",ROUND(E9*(1+F9/30),1)) | N9: =IF(COUNT(C9:F9)=0,"",IF(COUNT(C9,D9)=2,C9*D9,0)+IF(COUNT(E9,F9)=2,E9*F9,0)) | O9: =IF($A9="","",IF(COUNTIFS('Sessions'!$P$3:$P$202,P9)=0,"⚠ no Finger curls session row","ok")) | P9: =IF($A9="","",$A9*10+2)
K10: =IF($A10="","",IF(B10<>"",B10,COUNTIFS($P$3:P10,P10))) | L10: =IF(COUNT(C10,D10)<2,"",ROUND(C10*(1+D10/30),1)) | M10: =IF(COUNT(E10,F10)<2,"",ROUND(E10*(1+F10/30),1)) | N10: =IF(COUNT(C10:F10)=0,"",IF(COUNT(C10,D10)=2,C10*D10,0)+IF(COUNT(E10,F10)=2,E10*F10,0)) | O10: =IF($A10="","",IF(COUNTIFS('Sessions'!$P$3:$P$202,P10)=0,"⚠ no Finger curls session row","ok")) | P10: =IF($A10="","",$A10*10+2)
K11: =IF($A11="","",IF(B11<>"",B11,COUNTIFS($P$3:P11,P11))) | L11: =IF(COUNT(C11,D11)<2,"",ROUND(C11*(1+D11/30),1)) | M11: =IF(COUNT(E11,F11)<2,"",ROUND(E11*(1+F11/30),1)) | N11: =IF(COUNT(C11:F11)=0,"",IF(COUNT(C11,D11)=2,C11*D11,0)+IF(COUNT(E11,F11)=2,E11*F11,0)) | O11: =IF($A11="","",IF(COUNTIFS('Sessions'!$P$3:$P$202,P11)=0,"⚠ no Finger curls session row","ok")) | P11: =IF($A11="","",$A11*10+2)
K12: =IF($A12="","",IF(B12<>"",B12,COUNTIFS($P$3:P12,P12))) | L12: =IF(COUNT(C12,D12)<2,"",ROUND(C12*(1+D12/30),1)) | M12: =IF(COUNT(E12,F12)<2,"",ROUND(E12*(1+F12/30),1)) | N12: =IF(COUNT(C12:F12)=0,"",IF(COUNT(C12,D12)=2,C12*D12,0)+IF(COUNT(E12,F12)=2,E12*F12,0)) | O12: =IF($A12="","",IF(COUNTIFS('Sessions'!$P$3:$P$202,P12)=0,"⚠ no Finger curls session row","ok")) | P12: =IF($A12="","",$A12*10+2)
K13: =IF($A13="","",IF(B13<>"",B13,COUNTIFS($P$3:P13,P13))) | L13: =IF(COUNT(C13,D13)<2,"",ROUND(C13*(1+D13/30),1)) | M13: =IF(COUNT(E13,F13)<2,"",ROUND(E13*(1+F13/30),1)) | N13: =IF(COUNT(C13:F13)=0,"",IF(COUNT(C13,D13)=2,C13*D13,0)+IF(COUNT(E13,F13)=2,E13*F13,0)) | O13: =IF($A13="","",IF(COUNTIFS('Sessions'!$P$3:$P$202,P13)=0,"⚠ no Finger curls session row","ok")) | P13: =IF($A13="","",$A13*10+2)
K14: =IF($A14="","",IF(B14<>"",B14,COUNTIFS($P$3:P14,P14))) | L14: =IF(COUNT(C14,D14)<2,"",ROUND(C14*(1+D14/30),1)) | M14: =IF(COUNT(E14,F14)<2,"",ROUND(E14*(1+F14/30),1)) | N14: =IF(COUNT(C14:F14)=0,"",IF(COUNT(C14,D14)=2,C14*D14,0)+IF(COUNT(E14,F14)=2,E14*F14,0)) | O14: =IF($A14="","",IF(COUNTIFS('Sessions'!$P$3:$P$202,P14)=0,"⚠ no Finger curls session row","ok")) | P14: =IF($A14="","",$A14*10+2)
K15: =IF($A15="","",IF(B15<>"",B15,COUNTIFS($P$3:P15,P15))) | L15: =IF(COUNT(C15,D15)<2,"",ROUND(C15*(1+D15/30),1)) | M15: =IF(COUNT(E15,F15)<2,"",ROUND(E15*(1+F15/30),1)) | N15: =IF(COUNT(C15:F15)=0,"",IF(COUNT(C15,D15)=2,C15*D15,0)+IF(COUNT(E15,F15)=2,E15*F15,0)) | O15: =IF($A15="","",IF(COUNTIFS('Sessions'!$P$3:$P$202,P15)=0,"⚠ no Finger curls session row","ok")) | P15: =IF($A15="","",$A15*10+2)
K16: =IF($A16="","",IF(B16<>"",B16,COUNTIFS($P$3:P16,P16))) | L16: =IF(COUNT(C16,D16)<2,"",ROUND(C16*(1+D16/30),1)) | M16: =IF(COUNT(E16,F16)<2,"",ROUND(E16*(1+F16/30),1)) | N16: =IF(COUNT(C16:F16)=0,"",IF(COUNT(C16,D16)=2,C16*D16,0)+IF(COUNT(E16,F16)=2,E16*F16,0)) | O16: =IF($A16="","",IF(COUNTIFS('Sessions'!$P$3:$P$202,P16)=0,"⚠ no Finger curls session row","ok")) | P16: =IF($A16="","",$A16*10+2)
K17: =IF($A17="","",IF(B17<>"",B17,COUNTIFS($P$3:P17,P17))) | L17: =IF(COUNT(C17,D17)<2,"",ROUND(C17*(1+D17/30),1)) | M17: =IF(COUNT(E17,F17)<2,"",ROUND(E17*(1+F17/30),1)) | N17: =IF(COUNT(C17:F17)=0,"",IF(COUNT(C17,D17)=2,C17*D17,0)+IF(COUNT(E17,F17)=2,E17*F17,0)) | O17: =IF($A17="","",IF(COUNTIFS('Sessions'!$P$3:$P$202,P17)=0,"⚠ no Finger curls session row","ok")) | P17: =IF($A17="","",$A17*10+2)
K18: =IF($A18="","",IF(B18<>"",B18,COUNTIFS($P$3:P18,P18))) | L18: =IF(COUNT(C18,D18)<2,"",ROUND(C18*(1+D18/30),1)) | M18: =IF(COUNT(E18,F18)<2,"",ROUND(E18*(1+F18/30),1)) | N18: =IF(COUNT(C18:F18)=0,"",IF(COUNT(C18,D18)=2,C18*D18,0)+IF(COUNT(E18,F18)=2,E18*F18,0)) | O18: =IF($A18="","",IF(COUNTIFS('Sessions'!$P$3:$P$202,P18)=0,"⚠ no Finger curls session row","ok")) | P18: =IF($A18="","",$A18*10+2)
K19: =IF($A19="","",IF(B19<>"",B19,COUNTIFS($P$3:P19,P19))) | L19: =IF(COUNT(C19,D19)<2,"",ROUND(C19*(1+D19/30),1)) | M19: =IF(COUNT(E19,F19)<2,"",ROUND(E19*(1+F19/30),1)) | N19: =IF(COUNT(C19:F19)=0,"",IF(COUNT(C19,D19)=2,C19*D19,0)+IF(COUNT(E19,F19)=2,E19*F19,0)) | O19: =IF($A19="","",IF(COUNTIFS('Sessions'!$P$3:$P$202,P19)=0,"⚠ no Finger curls session row","ok")) | P19: =IF($A19="","",$A19*10+2)
... K202: =IF($A202="","",IF(B202<>"",B202,COUNTIFS($P$3:P202,P202))) | L202: =IF(COUNT(C202,D202)<2,"",ROUND(C202*(1+D202/30),1)) | M202: =IF(COUNT(E202,F202)<2,"",ROUND(E202*(1+F202/30),1)) | N202: =IF(COUNT(C202:F202)=0,"",IF(COUNT(C202,D202)=2,C202*D202,0)+IF(COUNT(E202,F202)=2,E202*F202,0)) | O202: =IF($A202="","",IF(COUNTIFS('Sessions'!$P$3:$P$202,P202)=0,"⚠ no Finger curls session row","ok")) | P202: =IF($A202="","",$A202*10+2)

Sheet _settings
A1: key | B1: value | C1: label
A2: low_max | B2: 4 | C2: LOW when the lowest (flipped) score is ≤ this
A3: watch_max | B3: 6 | C3: WATCH when the lowest (flipped) score is ≤ this

Sheet _meta
A1: key | B1: value
A2: module | B2: finger_strength
A3: module_version | B3: 3
A4: schema_synced_at | B4: 2026-10-20T21:00:00
A5: app_version | B5: mockup
